    0,  74.1
    1, 101.3
    2,  73.0
    3,  11.4
    4,  48.4
    5,  41.3
    6,  12.0
    7,  18.4
    8,  21.6
    9,  11.9
   10,  35.3
   11,  19.9
   12,  31.1
   13,  53.0
   14,  13.1
   15,  25.4
   16,  45.8
   17,  18.8
   18,  13.9
   19,  24.1
   20,  30.9
   21,  58.6
   22,  11.1
   23,   9.4
   24,  15.8
   25,  31.1
   26,   5.1
   27,  14.9
   28,  24.8
   29,  56.4
   30,  23.1
   31,  33.8
   32,  57.1
   33,  25.5
   34,  15.0
   35,  39.7
   36,  11.8
   37,  31.7
   38,  76.4
   39,  15.7
   40,  19.7
   41,  22.3
   42,  16.7
   43,  44.7
   44,   9.6
   45, 182.3
   46,  12.6
   47,   5.1
   48,  12.2
   49,  24.9
   50, 181.5
   51,  27.8
   52,  17.1
   53,  11.5
   54,  17.1
   55,   6.1
   56,  13.5
   57,   6.6
   58,  30.9
   59,  96.9
   60,  25.7
   61,  66.0
   62, 111.4
   63,   7.1
   64,  18.2
   65,   6.4
   66,  19.1
   67,  18.0
   68,  50.1
   69,  20.8
   70,  25.2
   71, 214.1
   72,  73.2
   73,  45.1
   74,  20.3
   75,  13.1
   76, 190.8
   77,   4.2
   78,  43.2
   79,  14.1
   80, 137.2
   81, 116.9
   82,  23.5
   83,   8.6
   84,   7.0
   85,  18.9
   86, 273.6
   87,  26.1
   88,  36.1
   89,  30.6
   90,  28.2
   91,  21.6
   92,  24.8
   93,  18.9
   94,  33.6
   95,  29.4
   96, 140.2
   97, 186.9
   98,  20.3
   99,  13.9
  100,  26.5
  101, 163.6
  102,  29.9
  103,  19.6
  104,   7.5
  105,  13.7
  106,  31.0
  107,  21.8
  108,  29.2
  109,  39.2
  110,  21.6
  111,  18.9
  112,  18.2
  113,  54.8
  114,   9.1
  115,  12.3
  116,  23.1
  117,  12.1
  118,  51.6
  119,  68.6
  120,  90.7
  121,  39.0
  122,  31.2
  123,  84.7
  124,  42.3
  125,  68.5
  126,  68.6
  127,  66.1
  128,  23.6
  129,   6.5
  130,  19.5
  131,  39.6
  132,  23.2
  133, 183.0
  134,   7.3
  135,  97.3
  136,  60.8
  137,  49.1
  138,  36.5
  139,  22.9
  140,  35.6
  141, 107.5
  142,   4.6
  143,  20.0
  144, 122.4
  145,  41.1
  146,  73.3
  147,  23.7
  148,  45.5
  149,  29.3
  150,  58.0
  151,  63.6
  152,   8.0
  153,  41.1
  154,  98.9
  155,  10.1
  156,  75.7
  157,  53.2
  158,   5.8
  159,  45.9
  160,  35.1
  161,  26.0
  162,  46.4
  163,  55.5
  164, 147.0
  165,  91.8
  166, 211.0
  167,  52.2
  168,  55.9
  169, 152.7
  170,  47.0
  171,  20.5
  172,  42.4
  173,  53.7
  174, 161.5
  175,  83.8
  176, 178.9
  177,  33.2
  178, 193.6
  179,  75.2
  180, 162.1
  181, 120.4
  182, 101.3
  183,  48.2
  184, 285.5
  185,  61.8
  186,  26.7
  187, 197.6
  188,  78.2
  189, 110.6
  190,  67.4
  191, 273.2
  192, 162.6
  193, 149.5
  194,  52.6
  195, 137.1
  196, 102.4
  197, 246.8
  198,  93.9
  199, 112.3
  200, 207.1
  201,  59.4
  202,  73.2
  203, 253.5
  204, 143.6
  205, 176.8
  206, 270.1
  207, 150.0
  208, 105.9
  209,  27.7
  210,  47.1
  211,  50.2
  212, 133.3
  213, 123.1
  214,  29.7
  215,  60.5
  216, 102.2
  217, 132.8
  218,  50.4
  219, 115.5
  220, 140.3
  221, 183.6
  222,  69.0
  223,  21.5
  224, 192.4
  225,  23.9
  226,  51.0
  227,  58.0
  228,  39.4
  229, 135.9
  230,  12.9
  231,  83.6
  232,  68.7
  233, 147.9
  234,  78.4
  235, 113.2
  236, 215.7
  237,  84.9
  238, 176.3
  239, 212.3
  240,  58.9
  241, 197.6
  242, 199.7
  243, 122.1
  244,  49.1
  245, 111.0
  246, 165.6
  247, 119.6
  248, 179.0
  249, 272.6
  250, 134.9
  251, 146.4
  252, 123.3
  253, 101.0
  254, 127.0
  255,  40.0
  256,  51.8
  257,  83.9
  258,  38.7
  259,  58.2
  260, 271.9
  261,  85.1
  262, 154.7
  263, 140.9
  264,  57.9
  265, 147.1
  266, 126.0
  267, 101.2
  268,  74.7
  269,  67.5
  270,  43.7
  271, 149.3
  272, 126.4
  273, 157.1
  274, 135.9
  275, 122.7
  276, 116.7
  277,  28.8
  278, 123.9
  279,  44.6
  280,  53.6
  281,  64.3
  282,  52.7
  283, 107.4
  284, 199.9
  285,  69.4
  286, 104.2
  287, 191.0
  288, 141.9
  289, 133.1
  290, 203.6
  291,  53.4
  292, 145.7
  293, 151.0
  294, 219.1
  295, 197.9
  296,  53.0
  297, 202.2
  298,  73.7
  299, 196.4
  300, 246.0
  301, 193.1
  302, 282.5
  303, 326.2
  304,  49.1
  305,  89.5
  306,  42.5
  307, 242.4
  308,  65.8
  309,  64.7
  310, 217.2
  311, 164.2
  312, 117.9
  313,  94.7
  314, 217.2
  315,  70.2
  316, 165.0
  317, 213.4
  318,  74.5
  319, 271.9
  320,  50.0
  321, 219.1
  322,  49.1
  323, 126.4
  324, 104.5
  325, 166.5
  326, 192.8
  327, 237.2
  328, 165.5
  329,  83.4
  330, 279.5
  331,  90.2
  332, 189.2
  333, 179.0
  334, 149.1
  335, 169.5
  336, 156.7
  337, 224.8
  338,  59.5
  339, 150.8
  340, 202.9
  341, 152.5
  342,  82.3
  343, 211.0
  344,  81.4
  345, 128.3
  346, 208.0
  347, 280.1
  348, 149.9
  349, 237.5
  350,  28.2
  351,  54.3
  352, 231.0
  353,  95.6
  354,  69.8
  355,  41.0
  356, 191.5
  357,  42.2
  358, 145.7
  359, 104.3
  360, 285.1
  361, 143.6
  362, 175.4
  363, 204.3
  364,  99.5
  365, 119.4
  366, 183.5
  367,  67.3
  368, 171.6
  369, 157.2
  370,  60.9
  371,  60.6
  372, 201.8
  373, 120.6
  374, 175.8
  375,  70.7
  376, 181.2
  377, 129.2
  378, 326.7
  379, 256.0
  380,  47.2
  381, 103.0
  382, 107.4
  383,  56.1
  384, 273.9
  385,  91.4
  386, 166.0
  387,  91.1
  388, 225.2
  389, 131.3
  390, 137.1
  391, 181.6
  392, 181.5
  393, 258.0
  394, 101.7
  395, 154.3
  396, 282.3
  397, 255.7
  398, 273.7
  399, 147.7
  400,  89.6
  401, 150.5
  402, 133.3
  403, 242.2
  404,  81.0
  405,  45.5
  406,  62.2
  407,  63.3
  408, 235.1
  409,  75.5
  410, 204.0
  411,  64.3
  412, 169.2
  413, 280.5
  414,  22.6
  415, 213.8
  416, 243.4
  417,  72.9
  418, 212.2
  419,  73.0
  420,  47.1
  421, 218.2
  422, 131.1
  423,  49.4
  424, 140.8
  425,  54.1
  426, 192.9
  427,  92.9
  428, 179.6
  429, 112.6
  430, 220.1
  431,  99.5
  432, 207.0
  433, 114.7
  434, 189.1
  435, 168.4
  436,  71.2
  437, 110.3
  438, 175.2
  439, 103.4
  440, 234.4
  441, 183.3
  442, 168.3
  443, 224.7
  444, 148.2
  445, 253.2
  446, 227.8
  447, 291.7
  448, 178.6
  449, 115.4
  450,  77.5
  451, 141.9
  452, 118.4
  453,  74.8
  454,  36.6
  455,  48.4
  456, 255.4
  457, 278.3
  458, 170.9
  459,  50.9
  460,  41.1
  461, 193.7
  462, 235.3
  463, 136.6
  464,  96.6
  465,  97.1
  466, 192.4
  467, 108.2
  468,  60.8
  469, 221.0
  470, 315.9
  471,  67.9
  472, 113.6
  473, 210.7
  474, 103.1
  475,  70.0
  476, 211.8
  477, 231.6
  478, 235.1
  479, 158.7
  480, 145.5
  481, 279.9
  482, 200.5
  483,  52.6
  484,  89.4
  485, 227.1
  486,  89.2
  487, 143.3
  488, 189.9
  489, 139.7
  490, 124.7
  491, 127.7
  492, 234.8
  493, 258.7
  494,  77.6
  495, 106.1
  496, 252.0
  497, 181.4
  498, 290.8
  499, 196.1
  500, 269.6
  501, 154.2
  502, 130.8
  503, 142.2
  504,  53.8
  505, 121.0
  506,  69.0
  507, 151.6
  508, 109.8
  509,  86.1
  510, 325.6
  511, 109.6
  512, 146.7
  513, 134.0
  514, 158.3
  515,  90.8
  516, 225.4
  517, 173.0
  518, 246.8
  519, 197.1
  520, 235.5
  521, 270.3
  522, 309.8
  523, 155.3
  524, 177.2
  525, 108.2
  526, 347.5
  527,  38.5
  528, 182.8
  529,  29.0
  530,  60.8
  531, 165.8
  532, 315.6
  533,  37.5
  534, 205.9
  535,  71.1
  536,  75.1
  537, 206.7
  538, 243.2
  539, 262.1
  540, 204.6
  541, 201.6
  542,  87.5
  543,  56.5
  544, 142.9
  545, 114.8
  546, 141.8
  547, 192.1
  548, 104.3
  549, 292.4
  550, 232.0
  551,  96.0
  552, 255.6
  553,  98.6
  554, 294.1
  555,  97.1
  556, 243.6
  557, 291.1
  558, 211.8
  559, 110.3
  560,  84.1
  561,  82.9
  562, 107.1
  563,  35.5
  564,  83.3
  565, 230.8
  566, 147.1
  567, 127.6
  568, 181.3
  569,  75.7
  570, 157.0
  571,  62.8
  572, 219.5
  573, 141.2
  574, 254.4
  575, 153.9
  576,  74.9
  577, 189.7
  578, 269.2
  579, 119.9
  580, 101.3
  581, 105.6
  582, 249.5
  583, 281.0
  584, 159.6
  585, 244.1
  586, 130.8
  587, 262.4
  588, 213.2
  589, 266.2
  590, 194.3
  591, 159.9
  592, 238.6
  593, 245.5
  594, 214.8
  595, 188.5
  596, 239.3
  597, 207.1
  598, 237.8
  599, 157.1
  600, 125.9
  601,  35.5
  602, 131.0
  603,  73.0
  604, 114.6
  605, 238.2
  606, 245.2
  607, 293.1
  608,  80.1
  609, 173.0
  610, 274.2
  611, 113.2
  612, 224.4
  613, 226.0
  614,  79.2
  615,  50.3
  616,  28.6
  617,  95.9
  618, 209.9
  619, 137.2
  620,  74.6
  621, 217.8
  622, 161.8
  623, 149.9
  624, 199.0
  625, 257.2
  626, 207.9
  627, 101.7
  628, 165.2
  629, 108.9
  630, 219.8
  631, 289.1
  632, 141.0
  633, 305.5
  634, 315.4
  635, 280.0
  636, 150.8
  637, 240.5
  638, 281.7
  639, 178.8
  640, 174.8
  641, 245.7
  642, 268.3
  643, 314.7
  644,  89.8
  645, 130.2
  646, 297.1
  647,  37.4
  648, 240.4
  649, 196.3
  650, 126.6
  651,  68.2
  652,  66.1
  653, 292.1
  654, 110.0
  655, 212.9
  656, 113.3
  657,  94.3
  658, 248.2
  659,  54.6
  660, 103.6
  661,  98.3
  662,  45.7
  663, 101.0
  664, 178.9
  665, 128.3
  666, 143.8
  667,  39.4
  668,  46.1
  669, 124.5
  670, 273.4
  671, 200.7
  672, 119.2
  673, 100.2
  674, 291.6
  675, 217.3
  676, 215.7
  677,  42.0
  678, 228.9
  679, 320.5
  680, 216.6
  681,  84.6
  682, 243.2
  683, 207.5
  684,  39.4
  685, 106.3
  686, 137.9
  687, 291.8
  688, 260.7
  689, 254.9
  690, 207.0
  691, 271.3
  692, 111.4
  693,  82.4
  694,  71.9
  695, 184.3
  696, 176.5
  697, 212.8
  698, 140.7
  699, 148.0
  700, 266.1
  701, 315.2
  702, 148.6
  703, 251.8
  704, 259.2
  705,  24.1
  706, 174.2
  707, 194.2
  708,  52.0
  709, 249.8
  710, 231.8
  711, 152.5
  712, 165.4
  713, 171.7
  714, 160.8
  715, 178.7
  716, 180.3
  717, 239.7
  718, 191.4
  719, 186.7
  720, 296.5
  721, 161.4
  722, 211.8
  723, 109.5
  724, 325.8
  725, 147.7
  726,  90.5
  727,  53.3
  728, 100.2
  729, 308.0
  730, 124.2
  731, 228.3
  732, 126.7
  733, 130.3
  734, 216.6
  735,  62.3
  736, 194.2
  737, 298.0
  738, 122.2
  739, 221.4
  740, 136.6
  741, 112.9
  742, 128.3
  743, 176.9
  744, 233.1
  745, 163.0
  746,  52.4
  747, 210.7
  748, 250.0
  749, 118.2
  750,  49.9
  751, 258.9
  752, 176.2
  753, 278.3
  754,  75.9
  755, 233.5
  756, 157.1
  757,  96.7
  758,  92.5
  759, 136.7
  760, 182.4
  761, 294.9
  762, 133.0
  763, 140.6
  764, 214.0
  765, 216.2
  766,  48.1
  767, 230.6
  768, 275.9
  769, 277.7
  770, 203.4
  771, 160.8
  772,  68.8
  773, 145.9
  774, 248.0
  775, 144.5
  776, 201.3
  777,  66.8
  778, 114.6
  779, 136.0
  780, 200.8
  781, 188.3
  782, 101.7
  783, 240.7
  784, 184.0
  785,  26.9
  786,  96.6
  787, 103.5
  788, 284.5
  789, 280.8
  790, 281.9
  791, 167.9
  792, 178.8
  793, 105.3
  794, 179.2
  795, 123.9
  796, 178.1
  797, 109.5
  798, 200.5
  799, 126.3
  800, 153.2
  801, 161.7
  802, 142.4
  803, 142.4
  804, 271.4
  805, 202.6
  806, 163.6
  807, 102.4
  808, 175.2
  809,  89.3
  810, 189.1
  811, 142.2
  812, 224.1
  813, 157.7
  814, 242.0
  815, 199.6
  816,  84.1
  817, 166.0
  818, 230.5
  819, 216.5
  820, 138.8
  821, 200.3
  822, 140.2
  823,  59.9
  824, 148.2
  825, 280.8
  826, 243.3
  827,  90.4
  828, 137.4
  829, 123.2
  830, 307.3
  831, 143.5
  832, 154.2
  833, 130.5
  834, 293.6
  835, 124.7
  836,  39.8
  837,  58.3
  838, 130.5
  839, 287.1
  840,  44.7
  841,  46.2
  842, 120.0
  843, 203.2
  844,  82.9
  845, 169.3
  846, 277.0
  847, 220.2
  848, 160.6
  849, 158.6
  850, 234.9
  851, 163.1
  852, 230.9
  853,  92.0
  854, 256.9
  855, 268.4
  856, 269.9
  857,  49.1
  858, 125.5
  859,  51.8
  860, 132.2
  861,  65.2
  862,  26.8
  863,  55.5
  864, 229.5
  865, 179.8
  866,  53.7
  867, 225.0
  868, 228.2
  869, 145.4
  870, 219.0
  871, 218.9
  872, 249.6
  873, 188.6
  874, 244.9
  875, 232.2
  876, 232.3
  877, 306.6
  878, 228.0
  879, 306.8
  880, 312.7
  881,  99.1
  882, 257.4
  883, 244.0
  884, 110.7
  885, 115.9
  886, 339.4
  887, 202.5
  888, 232.3
  889, 235.9
  890, 229.8
  891, 111.5
  892, 129.9
  893,  66.5
  894, 241.0
  895, 174.3
  896, 151.3
  897, 102.1
  898, 247.1
  899, 146.4
  900, 150.3
  901, 205.6
  902,  96.7
  903, 120.2
  904, 309.7
  905, 224.9
  906, 159.4
  907, 244.2
  908, 129.8
  909, 204.5
  910, 192.8
  911, 181.6
  912, 308.9
  913, 225.1
  914, 194.6
  915, 218.6
  916, 148.5
  917,  60.7
  918,  30.1
  919, 233.5
  920, 308.5
  921, 135.8
  922, 192.0
  923, 251.8
  924, 141.9
  925, 235.6
  926, 131.9
  927, 229.8
  928, 179.3
  929, 167.3
  930,  93.6
  931, 255.2
  932, 119.4
  933, 256.7
  934, 187.2
  935, 115.6
  936, 280.5
  937, 226.1
  938, 155.7
  939, 252.0
  940, 294.4
  941, 126.7
  942, 310.3
  943, 252.4
  944,  92.0
  945, 291.7
  946, 295.4
  947, 300.1
  948, 214.8
  949, 252.8
  950, 162.2
  951, 214.9
  952, 245.7
  953, 273.3
  954, 142.4
  955, 129.0
  956, 154.4
  957,  92.5
  958,  82.4
  959, 127.2
  960, 124.1
  961,  85.2
  962,  95.2
  963, 154.6
  964, 179.5
  965, 314.3
  966, 107.0
  967,  73.1
  968, 134.0
  969, 230.3
  970, 198.5
  971, 186.0
  972, 208.4
  973, 164.8
  974, 146.1
  975, 236.5
  976, 228.5
  977, 256.5
  978,  86.3
  979, 236.6
  980, 283.4
  981, 162.9
  982, 214.8
  983, 185.8
  984, 319.0
  985, 254.5
  986, 213.0
  987, 224.2
  988, 186.4
  989, 217.6
  990, 281.4
  991, 291.9
  992, 132.8
  993, 177.6
  994, 244.7
  995, 129.3
  996,  37.1
  997,  62.1
  998, 207.8
  999, 213.3
 1000, 179.2
 1001, 201.4
 1002, 161.8
 1003, 281.8
 1004, 188.9
 1005, 131.8
 1006, 278.9
 1007,  97.2
 1008,  90.0
 1009, 127.8
 1010, 153.1
 1011, 268.0
 1012,  88.9
 1013, 117.7
 1014, 146.1
 1015, 123.0
 1016, 296.2
 1017, 203.0
 1018, 184.6
 1019, 306.0
 1020, 149.7
 1021, 235.3
 1022, 157.7
 1023, 259.2
 1024, 158.5
 1025, 179.6
 1026,  51.8
 1027,  36.4
 1028, 156.4
 1029,  66.0
 1030, 305.8
 1031, 100.0
 1032, 123.4
 1033, 110.5
 1034, 200.9
 1035, 128.0
 1036, 171.9
 1037,  80.3
 1038, 171.2
 1039, 156.3
 1040, 257.7
 1041, 263.0
 1042, 319.3
 1043, 254.8
 1044, 130.6
 1045, 106.9
 1046,  91.8
 1047,  93.1
 1048,  99.6
 1049, 242.4
 1050, 177.2
 1051, 254.5
 1052, 262.5
 1053, 153.0
 1054,  79.7
 1055, 194.8
 1056, 177.5
 1057,  95.4
 1058, 230.7
 1059, 261.3
 1060, 205.3
 1061, 182.3
 1062, 201.8
 1063, 351.5
 1064, 222.7
 1065, 160.7
 1066, 270.8
 1067, 121.9
 1068, 243.0
 1069, 215.7
 1070, 269.0
 1071, 182.9
 1072, 185.7
 1073, 247.5
 1074, 294.7
 1075, 135.4
 1076, 209.1
 1077, 280.0
 1078, 164.4
 1079, 284.2
 1080, 115.8
 1081, 279.6
 1082, 267.4
 1083, 213.7
 1084, 137.6
 1085, 205.8
 1086, 138.7
 1087, 254.3
 1088, 219.4
 1089,  94.1
 1090, 320.1
 1091, 303.9
 1092, 254.7
 1093, 260.1
 1094, 165.9
 1095, 194.0
 1096, 247.8
 1097, 203.4
 1098, 194.4
 1099, 275.3
 1100, 206.3
 1101, 153.4
 1102, 139.6
 1103, 181.8
 1104, 233.2
 1105, 276.2
 1106, 208.0
 1107, 260.2
 1108, 259.6
 1109, 118.5
 1110, 144.0
 1111, 171.3
 1112, 222.4
 1113, 182.7
 1114, 251.4
 1115, 130.7
 1116, 193.6
 1117, 123.3
 1118, 149.8
 1119, 141.2
 1120, 189.7
 1121,  71.9
 1122,  85.2
 1123, 204.1
 1124,  90.8
 1125,  52.9
 1126, 101.4
 1127, 153.4
 1128, 106.9
 1129, 258.5
 1130, 222.2
 1131, 101.9
 1132,  73.3
 1133, 198.4
 1134, 234.5
 1135, 199.0
 1136, 113.4
 1137, 219.0
 1138, 251.4
 1139, 261.5
 1140,  77.0
 1141, 100.9
 1142, 136.2
 1143, 188.6
 1144,  88.5
 1145, 108.7
 1146, 149.4
 1147, 142.6
 1148, 209.1
 1149, 292.3
 1150, 233.4
 1151, 146.4
 1152, 252.3
 1153, 123.2
 1154,  74.9
 1155, 121.4
 1156,  95.1
 1157, 176.5
 1158, 197.8
 1159, 127.1
 1160, 103.6
 1161, 194.2
 1162,  96.2
 1163, 191.4
 1164, 212.4
 1165, 262.7
 1166, 177.6
 1167, 118.8
 1168, 223.8
 1169, 263.3
 1170, 185.3
 1171, 141.6
 1172, 232.4
 1173, 204.6
 1174, 270.9
 1175, 240.1
 1176, 267.0
 1177, 167.2
 1178, 229.3
 1179, 293.3
 1180, 141.8
 1181, 257.1
 1182, 270.1
 1183, 160.7
 1184, 106.5
 1185, 144.4
 1186, 203.5
 1187, 304.2
 1188, 153.3
 1189, 222.7
 1190, 248.5
 1191, 328.1
 1192, 156.2
 1193, 231.9
 1194, 161.7
 1195, 198.4
 1196, 273.2
 1197, 117.1
 1198, 264.0
 1199, 191.8
 1200,  83.8
 1201,  89.0
 1202, 242.8
 1203, 185.3
 1204, 190.5
 1205, 225.3
 1206, 179.5
 1207, 206.6
 1208, 145.7
 1209, 219.1
 1210, 189.4
 1211,  90.1
 1212, 101.2
 1213, 242.5
 1214, 187.7
 1215, 112.5
 1216, 120.6
 1217, 170.0
 1218, 114.7
 1219, 286.3
 1220, 239.4
 1221, 133.7
 1222, 287.0
 1223, 168.8
 1224, 187.1
 1225, 327.1
 1226, 217.5
 1227, 322.5
 1228, 186.7
 1229, 283.0
 1230, 217.4
 1231, 139.0
 1232, 288.3
 1233, 170.0
 1234, 206.2
 1235, 168.2
 1236, 222.7
 1237, 254.6
 1238,  76.6
 1239, 224.2
 1240, 239.1
 1241,  85.3
 1242, 175.7
 1243, 188.8
 1244, 161.7
 1245, 118.3
 1246, 271.7
 1247, 153.7
 1248, 128.8
 1249, 182.0
 1250, 226.4
 1251, 318.2
 1252, 186.6
 1253, 218.6
 1254,  94.2
 1255, 246.8
 1256, 145.5
 1257, 218.4
 1258, 295.0
 1259, 198.7
 1260, 246.0
 1261, 183.1
 1262, 331.1
 1263, 315.6
 1264, 168.4
 1265, 235.1
 1266, 164.4
 1267, 241.8
 1268, 283.9
 1269, 219.0
 1270, 152.5
 1271, 191.7
 1272, 240.7
 1273, 174.6
 1274, 176.1
 1275, 246.0
 1276,  91.0
 1277, 297.5
 1278, 196.6
 1279, 174.3
 1280, 283.9
 1281, 179.2
 1282, 245.6
 1283, 208.6
 1284, 185.0
 1285, 295.3
 1286, 156.0
 1287, 170.5
 1288, 247.2
 1289, 147.3
 1290, 201.4
 1291, 322.5
 1292, 241.9
 1293, 171.1
 1294, 112.3
 1295, 254.5
 1296, 169.9
 1297, 177.9
 1298,  76.0
 1299, 223.8
 1300, 188.0
 1301, 169.3
 1302, 133.9
 1303, 242.8
 1304, 203.1
 1305,  77.1
 1306, 245.8
 1307, 113.5
 1308, 170.3
 1309, 186.4
 1310, 220.0
 1311, 183.1
 1312, 358.3
 1313, 190.1
 1314, 127.9
 1315, 197.0
 1316, 307.2
 1317, 235.4
 1318,  55.8
 1319, 161.7
 1320, 273.1
 1321, 236.5
 1322, 112.2
 1323, 257.9
 1324, 143.3
 1325, 200.2
 1326, 114.9
 1327, 226.8
 1328, 229.1
 1329, 220.8
 1330, 223.6
 1331, 235.9
 1332,  96.4
 1333, 201.7
 1334, 278.8
 1335, 184.9
 1336, 316.5
 1337, 300.6
 1338, 151.5
 1339, 242.7
 1340, 231.4
 1341, 121.3
 1342, 119.3
 1343,  85.9
 1344, 274.9
 1345, 338.4
 1346, 313.3
 1347, 253.1
 1348, 215.7
 1349, 234.0
 1350, 130.7
 1351, 221.8
 1352, 160.3
 1353, 250.9
 1354, 196.4
 1355, 189.8
 1356, 265.0
 1357, 275.5
 1358, 232.3
 1359, 280.6
 1360, 259.3
 1361, 226.7
 1362, 125.2
 1363, 164.3
 1364, 229.3
 1365, 312.2
 1366, 302.0
 1367, 326.3
 1368, 230.2
 1369, 130.6
 1370, 199.0
 1371, 155.9
 1372, 173.5
 1373, 219.7
 1374, 173.8
 1375, 228.7
 1376, 194.3
 1377, 197.0
 1378, 158.8
 1379, 104.3
 1380, 219.7
 1381, 303.5
 1382, 194.3
 1383, 236.3
 1384,  73.7
 1385, 161.4
 1386,  60.5
 1387, 256.0
 1388, 134.2
 1389, 163.5
 1390, 128.8
 1391, 255.0
 1392, 291.7
 1393, 233.9
 1394, 202.5
 1395, 126.3
 1396, 185.3
 1397,  95.2
 1398, 269.5
 1399, 259.1
 1400, 286.7
 1401, 211.9
 1402, 104.2
 1403, 241.5
 1404, 249.9
 1405, 223.0
 1406, 253.6
 1407, 221.0
 1408, 230.6
 1409, 280.0
 1410, 195.4
 1411, 298.7
 1412, 280.2
 1413, 234.1
 1414, 218.9
 1415, 262.9
 1416, 174.7
 1417, 187.1
 1418, 226.3
 1419, 203.8
 1420, 269.5
 1421, 225.6
 1422, 151.6
 1423, 108.7
 1424, 231.8
 1425, 236.5
 1426, 291.1
 1427, 179.9
 1428, 189.0
 1429, 181.8
 1430, 194.9
 1431, 235.6
 1432, 263.2
 1433, 282.3
 1434, 193.8
 1435, 184.0
 1436, 199.2
 1437, 136.8
 1438, 168.5
 1439, 232.5
 1440, 194.7
 1441, 104.1
 1442, 241.9
 1443,  45.4
 1444, 191.5
 1445, 299.4
 1446, 142.4
 1447, 152.5
 1448, 325.0
 1449, 211.6
 1450, 119.6
 1451, 257.9
 1452, 140.7
 1453, 283.7
 1454,  80.5
 1455, 154.2
 1456, 110.2
 1457, 261.8
 1458, 243.7
 1459, 240.9
 1460, 156.8
 1461,  48.9
 1462, 234.7
 1463, 197.7
 1464,  51.8
 1465, 198.3
 1466, 184.5
 1467, 151.4
 1468,  75.9
 1469, 175.8
 1470, 239.4
 1471, 320.8
 1472,  48.9
 1473, 174.6
 1474, 144.6
 1475,  88.1
 1476,  88.8
 1477, 205.8
 1478,  96.0
 1479,  42.8
 1480, 122.5
 1481,  58.2
 1482, 242.1
 1483,  79.7
 1484, 337.8
 1485, 171.4
 1486, 114.6
 1487,  84.9
 1488,  80.7
 1489, 170.0
 1490,  86.8
 1491, 153.6
 1492, 303.3
 1493, 145.5
 1494,  68.2
 1495,  52.8
 1496, 132.4
 1497, 103.8
 1498, 232.3
 1499,  44.7
 1500, 132.0
 1501, 127.2
 1502, 143.8
 1503, 149.0
 1504,  99.8
 1505,  86.0
 1506, 103.7
 1507,  84.9
 1508, 284.8
 1509, 155.7
 1510,  58.3
 1511, 187.5
 1512, 164.5
 1513, 290.2
 1514, 262.1
 1515,  49.2
 1516,  83.5
 1517,  63.0
 1518, 233.4
 1519, 234.7
 1520,  90.7
 1521, 123.0
 1522, 128.9
 1523, 229.8
 1524, 285.2
 1525, 216.2
 1526, 307.8
 1527, 286.3
 1528, 157.1
 1529,  75.7
 1530,  88.7
 1531, 250.5
 1532, 133.3
 1533, 190.2
 1534, 195.9
 1535, 290.5
 1536, 173.6
 1537, 151.3
 1538, 127.8
 1539, 177.3
 1540,  91.5
 1541, 219.8
 1542, 236.4
 1543, 103.9
 1544, 236.9
 1545, 172.9
 1546, 296.6
 1547, 258.7
 1548, 172.4
 1549, 224.1
 1550,  72.7
 1551, 268.1
 1552, 216.1
 1553, 197.5
 1554, 167.8
 1555, 296.0
 1556, 262.9
 1557,  87.9
 1558, 166.0
 1559, 265.8
 1560, 208.3
 1561, 135.2
 1562, 215.4
 1563, 128.0
 1564, 123.2
 1565,  93.8
 1566, 227.8
 1567, 281.6
 1568, 263.4
 1569, 168.2
 1570, 185.1
 1571, 208.0
 1572, 188.1
 1573, 246.7
 1574, 215.3
 1575, 278.4
 1576, 201.8
 1577, 217.6
 1578, 270.5
 1579, 132.2
 1580, 113.8
 1581, 177.8
 1582, 146.8
 1583, 230.2
 1584, 309.0
 1585, 110.8
 1586,  40.1
 1587, 117.5
 1588, 172.7
 1589, 233.5
 1590, 269.7
 1591, 308.6
 1592, 122.3
 1593, 252.1
 1594, 266.7
 1595, 233.3
 1596, 200.4
 1597, 281.1
 1598, 193.1
 1599, 151.7
 1600, 217.4
 1601, 272.4
 1602, 263.8
 1603, 217.4
 1604, 271.0
 1605, 122.2
 1606, 149.6
 1607, 216.0
 1608, 167.3
 1609, 269.5
 1610, 188.4
 1611, 319.8
 1612, 220.8
 1613, 213.7
 1614, 200.5
 1615, 207.8
 1616,  99.9
 1617, 185.3
 1618, 253.7
 1619, 250.1
 1620, 258.3
 1621, 243.2
 1622,  51.3
 1623, 165.5
 1624, 206.6
 1625, 185.5
 1626, 294.9
 1627, 175.2
 1628, 320.2
 1629, 111.3
 1630, 137.9
 1631, 112.5
 1632, 129.6
 1633, 193.5
 1634, 242.3
 1635, 230.7
 1636, 184.4
 1637, 206.5
 1638, 227.2
 1639, 329.9
 1640, 331.7
 1641, 186.4
 1642, 112.3
 1643, 296.6
 1644, 308.3
 1645, 180.1
 1646, 203.1
 1647, 132.2
 1648,  77.2
 1649, 145.4
 1650, 184.2
 1651, 173.8
 1652, 172.5
 1653, 282.7
 1654, 132.1
 1655, 248.6
 1656,  84.5
 1657, 300.1
 1658, 128.0
 1659,  62.4
 1660, 111.5
 1661, 232.6
 1662, 106.6
 1663, 273.3
 1664, 209.4
 1665, 237.5
 1666,  84.0
 1667, 101.9
 1668, 265.3
 1669, 266.8
 1670, 236.8
 1671, 235.1
 1672, 119.5
 1673, 185.3
 1674, 214.7
 1675,  74.6
 1676, 269.6
 1677, 207.0
 1678,  90.2
 1679, 109.3
 1680, 213.4
 1681,  37.6
 1682, 104.5
 1683, 166.8
 1684, 217.8
 1685, 234.0
 1686, 177.8
 1687, 190.6
 1688, 305.9
 1689, 172.4
 1690, 110.8
 1691, 176.7
 1692, 147.8
 1693, 100.3
 1694, 101.7
 1695, 233.2
 1696, 256.7
 1697, 266.5
 1698, 147.3
 1699, 269.5
 1700, 268.6
 1701,  92.6
 1702, 179.3
 1703, 206.9
 1704, 273.7
 1705, 118.8
 1706, 272.9
 1707, 269.7
 1708, 187.3
 1709, 193.2
 1710, 167.6
 1711, 274.4
 1712, 139.6
 1713, 121.7
 1714, 140.3
 1715,  84.6
 1716, 125.2
 1717, 173.4
 1718, 214.3
 1719, 173.1
 1720, 189.9
 1721, 140.5
 1722, 107.4
 1723, 195.5
 1724, 116.3
 1725, 222.3
 1726, 171.1
 1727, 137.2
 1728, 254.6
 1729, 239.0
 1730, 193.7
 1731, 216.7
 1732, 147.2
 1733, 213.1
 1734, 167.6
 1735, 158.1
 1736, 299.6
 1737, 297.1
 1738, 200.5
 1739, 291.8
 1740, 294.7
 1741, 212.2
 1742, 215.7
 1743, 293.7
 1744, 247.9
 1745, 105.1
 1746, 194.7
 1747, 274.1
 1748, 297.5
 1749, 125.8
 1750, 274.7
 1751, 162.9
 1752, 232.7
 1753, 239.1
 1754, 165.0
 1755, 163.6
 1756, 187.2
 1757, 251.0
 1758, 240.2
 1759,  92.9
 1760, 259.6
 1761, 259.1
 1762, 231.8
 1763, 145.2
 1764, 211.0
 1765, 310.6
 1766, 233.8
 1767, 287.3
 1768, 216.0
 1769, 204.9
 1770, 271.7
 1771, 225.7
 1772, 104.7
 1773, 190.5
 1774, 166.7
 1775, 239.4
 1776, 123.8
 1777, 254.7
 1778, 283.9
 1779, 277.2
 1780, 247.4
 1781, 116.4
 1782, 181.7
 1783, 161.3
 1784, 161.9
 1785, 230.1
 1786, 292.4
 1787, 138.3
 1788, 301.5
 1789, 115.3
 1790, 271.2
 1791, 168.1
 1792, 165.3
 1793, 209.0
 1794, 221.9
 1795, 300.4
 1796, 283.3
 1797, 150.1
 1798, 101.4
 1799, 206.1
 1800, 163.3
 1801, 223.4
 1802, 149.3
 1803, 190.0
 1804, 169.6
 1805, 149.8
 1806, 303.8
 1807, 320.1
 1808, 186.2
 1809, 210.4
 1810, 140.9
 1811, 272.8
 1812, 178.8
 1813, 224.5
 1814, 335.2
 1815, 253.6
 1816, 161.8
 1817, 165.6
 1818, 136.7
 1819, 227.5
 1820, 262.7
 1821, 212.6
 1822, 324.8
 1823, 184.6
 1824, 114.6
 1825,  87.4
 1826,  93.4
 1827, 130.9
 1828,  45.2
 1829, 235.6
 1830,  71.2
 1831, 196.9
 1832,  32.7
 1833, 158.5
 1834, 246.0
 1835,  97.3
 1836,  38.0
 1837, 125.1
 1838,  86.5
 1839, 147.3
 1840, 282.5
 1841,  70.4
 1842,  97.4
 1843, 204.9
 1844, 144.0
 1845, 238.3
 1846, 112.0
 1847, 248.2
 1848, 219.9
 1849,  99.4
 1850,  60.7
 1851, 301.7
 1852,  46.0
 1853,  44.7
 1854, 228.5
 1855, 163.0
 1856,  73.3
 1857, 100.3
 1858, 179.4
 1859, 111.6
 1860, 154.7
 1861, 204.9
 1862, 143.8
 1863,  90.7
 1864,  86.6
 1865, 110.4
 1866, 158.3
 1867, 157.5
 1868,  84.1
 1869,  86.7
 1870, 134.4
 1871, 164.7
 1872, 192.8
 1873, 232.7
 1874, 158.9
 1875, 227.2
 1876, 184.0
 1877, 189.0
 1878,  76.6
 1879, 216.9
 1880,  83.6
 1881, 234.7
 1882, 166.0
 1883, 110.5
 1884, 122.7
 1885, 123.5
 1886, 167.0
 1887, 249.4
 1888, 254.8
 1889, 173.5
 1890,  98.2
 1891, 121.4
 1892, 254.3
 1893, 169.8
 1894, 120.7
 1895, 108.5
 1896, 116.9
 1897, 114.5
 1898, 146.4
 1899, 209.3
 1900, 208.0
 1901,  40.4
 1902, 311.3
 1903, 217.3
 1904, 247.5
 1905, 325.4
 1906, 169.0
 1907, 290.9
 1908, 241.5
 1909, 131.1
 1910, 215.1
 1911, 262.1
 1912, 189.6
 1913, 239.4
 1914, 222.0
 1915, 272.1
 1916, 258.0
 1917, 281.7
 1918, 299.3
 1919, 196.5
 1920,  97.4
 1921,  82.0
 1922,  33.9
 1923, 147.7
 1924, 225.9
 1925, 208.7
 1926, 279.7
 1927, 162.5
 1928,  54.0
 1929, 184.9
 1930, 267.8
 1931, 237.1
 1932, 244.8
 1933, 133.6
 1934, 199.5
 1935, 250.3
 1936, 233.7
 1937, 264.8
 1938, 162.1
 1939, 105.4
 1940, 130.9
 1941,  76.0
 1942, 188.1
 1943, 208.4
 1944, 191.4
 1945, 136.1
 1946, 219.2
 1947, 242.9
 1948, 261.1
 1949, 179.9
 1950, 251.3
 1951, 154.4
 1952,  54.8
 1953, 194.2
 1954, 221.8
 1955,  87.2
 1956, 207.3
 1957, 145.2
 1958,  40.9
 1959, 199.2
 1960, 128.1
 1961, 319.3
 1962, 248.7
 1963, 262.9
 1964, 207.9
 1965, 149.8
 1966, 204.4
 1967, 123.9
 1968, 243.8
 1969, 234.2
 1970, 229.3
 1971, 196.5
 1972, 215.8
 1973, 143.1
 1974, 154.9
 1975, 221.3
 1976, 199.0
 1977, 161.6
 1978, 130.7
 1979, 321.5
 1980, 168.7
 1981, 338.2
 1982, 167.2
 1983,  58.4
 1984, 205.2
 1985, 284.0
 1986, 188.7
 1987, 285.5
 1988, 310.0
 1989, 149.2
 1990, 147.6
 1991, 170.6
 1992,  56.7
 1993,  76.3
 1994, 297.5
 1995, 108.5
 1996, 193.6
 1997, 166.2
 1998,  82.8
 1999, 212.0
 2000, 234.5
 2001,  77.0
 2002, 229.7
 2003, 241.4
 2004, 105.5
 2005, 166.4
 2006, 110.9
 2007, 131.0
 2008, 138.7
 2009, 289.3
 2010, 283.1
 2011, 187.9
 2012, 145.9
 2013,  56.1
 2014,  65.2
 2015, 241.2
 2016, 188.9
 2017, 271.4
 2018,  36.5
 2019, 157.8
 2020, 331.1
 2021,  68.2
 2022,  48.8
 2023, 171.1
 2024, 212.7
 2025, 249.8
 2026,  88.9
 2027, 319.1
 2028, 184.6
 2029, 143.8
 2030,  52.2
 2031,  99.5
 2032, 222.3
 2033, 184.2
 2034, 135.5
 2035, 310.6
 2036, 211.4
 2037, 138.0
 2038, 274.8
 2039, 132.2
 2040, 234.5
 2041, 169.8
 2042, 314.7
 2043, 220.2
 2044, 260.5
 2045, 291.2
 2046, 338.5
 2047, 309.0
 2048, 113.6
 2049, 165.7
 2050, 150.7
 2051, 230.3
 2052, 183.3
 2053, 264.5
 2054, 213.3
 2055, 224.9
 2056, 331.2
 2057, 190.0
 2058, 156.6
 2059, 189.0
 2060, 154.6
 2061, 201.0
 2062, 217.2
 2063, 195.2
 2064, 205.3
 2065, 215.4
 2066, 225.3
 2067, 134.1
 2068,  87.7
 2069, 179.5
 2070, 250.2
 2071, 348.2
 2072, 287.7
 2073, 286.8
 2074, 213.8
 2075, 152.3
 2076, 172.4
 2077,  46.9
 2078,  65.2
 2079, 221.2
 2080, 215.1
 2081, 137.3
 2082,  98.9
 2083, 102.0
 2084, 179.5
 2085, 149.2
 2086, 185.6
 2087, 113.4
 2088,  45.2
 2089,  35.3
 2090, 203.0
 2091, 273.9
 2092, 225.0
 2093, 179.3
 2094, 299.7
 2095, 254.2
 2096, 235.9
 2097, 217.6
 2098, 226.4
 2099, 217.7
 2100, 192.4
 2101, 129.2
 2102, 116.8
 2103, 135.3
 2104, 296.8
 2105, 245.9
 2106, 299.5
 2107, 216.8
 2108, 206.4
 2109, 132.3
 2110, 127.6
 2111, 181.7
 2112, 155.7
 2113, 264.1
 2114, 220.7
 2115, 105.2
 2116, 195.8
 2117, 119.4
 2118, 202.2
 2119, 259.5
 2120, 184.0
 2121, 258.0
 2122, 246.7
 2123, 152.0
 2124, 166.6
 2125, 254.9
 2126,  91.6
 2127, 154.1
 2128, 152.8
 2129, 228.7
 2130, 181.3
 2131, 328.3
 2132, 117.2
 2133, 117.5
 2134, 209.0
 2135, 107.3
 2136, 177.9
 2137, 219.8
 2138, 281.1
 2139, 106.5
 2140, 245.7
 2141, 197.1
 2142, 305.9
 2143, 257.8
 2144, 140.5
 2145, 163.8
 2146,  91.3
 2147, 235.2
 2148, 277.5
 2149, 182.4
 2150, 273.5
 2151, 237.7
 2152, 177.8
 2153, 188.9
 2154, 162.5
 2155,  93.1
 2156, 204.5
 2157, 296.2
 2158, 239.0
 2159, 153.8
 2160, 220.3
 2161, 214.7
 2162, 174.6
 2163, 177.4
 2164, 104.5
 2165, 108.3
 2166,  96.9
 2167, 178.7
 2168, 121.3
 2169, 229.1
 2170, 196.7
 2171, 293.5
 2172, 163.1
 2173, 198.9
 2174, 285.1
 2175, 184.9
 2176, 271.9
 2177, 279.1
 2178, 281.4
 2179,  73.8
 2180, 265.4
 2181, 136.4
 2182, 156.1
 2183,  97.4
 2184, 268.3
 2185, 115.1
 2186, 304.2
 2187, 167.5
 2188, 168.5
 2189, 215.8
 2190, 153.3
 2191, 166.6
 2192, 201.7
 2193, 153.6
 2194, 161.2
 2195, 162.3
 2196, 232.2
 2197, 292.7
 2198, 272.6
 2199, 273.1
 2200, 205.7
 2201,  83.0
 2202,  58.7
 2203,  99.8
 2204,  78.5
 2205, 124.6
 2206, 209.8
 2207, 226.3
 2208, 250.1
 2209, 177.6
 2210, 220.4
 2211, 245.1
 2212, 242.4
 2213, 118.6
 2214, 280.3
 2215, 239.0
 2216, 184.9
 2217, 226.6
 2218, 162.5
 2219, 181.0
 2220, 232.2
 2221, 284.7
 2222, 191.7
 2223, 254.4
 2224, 280.7
 2225, 118.3
 2226,  87.6
 2227, 254.7
 2228, 280.0
 2229, 210.7
 2230, 209.3
 2231, 248.9
 2232, 112.7
 2233, 169.5
 2234, 204.2
 2235, 153.0
 2236, 138.5
 2237, 249.6
 2238, 122.7
 2239, 252.1
 2240, 192.1
 2241, 331.3
 2242, 252.5
 2243, 224.7
 2244, 320.2
 2245, 192.3
 2246, 203.7
 2247, 281.8
 2248, 187.2
 2249, 217.3
 2250, 166.2
 2251, 199.0
 2252,  67.5
 2253, 185.3
 2254, 280.8
 2255, 121.8
 2256, 149.4
 2257, 143.0
 2258, 173.7
 2259, 318.1
 2260, 217.9
 2261, 254.4
 2262, 185.6
 2263, 260.5
 2264, 273.7
 2265, 226.3
 2266, 146.9
 2267, 192.1
 2268,  87.8
 2269, 278.1
 2270, 310.9
 2271, 136.5
 2272, 164.9
 2273, 277.2
 2274, 170.6
 2275, 208.6
 2276, 251.5
 2277,  88.0
 2278, 176.7
 2279, 169.6
 2280, 180.3
 2281, 230.1
 2282, 216.1
 2283, 228.4
 2284, 170.2
 2285, 168.9
 2286, 213.3
 2287, 160.5
 2288,  53.2
 2289,  58.7
 2290,  93.1
 2291, 215.0
 2292, 224.4
 2293, 209.7
 2294, 250.5
 2295, 122.9
 2296, 164.3
 2297, 110.9
 2298, 141.5
 2299,  49.0
 2300, 216.3
 2301, 183.7
 2302, 100.4
 2303, 189.9
 2304, 116.3
 2305,  39.3
 2306, 275.7
 2307, 265.1
 2308, 232.8
 2309, 290.3
 2310, 236.6
 2311, 276.0
 2312, 174.0
 2313,  69.5
 2314,  91.1
 2315, 189.1
 2316, 248.6
 2317, 254.8
 2318, 284.5
 2319, 113.9
 2320, 110.5
 2321, 144.6
 2322, 200.1
 2323, 164.6
 2324,  84.5
 2325, 160.2
 2326,  88.5
 2327, 139.7
 2328, 238.4
 2329, 200.4
 2330,  67.6
 2331, 203.9
 2332, 150.9
 2333, 194.3
 2334, 232.2
 2335, 252.0
 2336, 307.3
 2337,  81.9
 2338, 150.9
 2339, 162.7
 2340, 223.9
 2341, 176.7
 2342,  71.8
 2343, 240.1
 2344, 186.6
 2345, 273.1
 2346, 100.0
 2347, 203.6
 2348, 221.1
 2349,  88.1
 2350, 133.1
 2351,  94.5
 2352, 255.4
 2353, 152.3
 2354, 168.2
 2355, 135.1
 2356, 156.5
 2357,  71.2
 2358, 196.8
 2359, 216.3
 2360, 167.8
 2361, 263.1
 2362, 172.9
 2363,  93.1
 2364,  86.5
 2365,  99.9
 2366,  99.4
 2367, 283.8
 2368, 122.9
 2369, 147.0
 2370, 132.5
 2371, 197.2
 2372, 296.3
 2373, 244.8
 2374, 121.1
 2375, 294.2
 2376, 264.5
 2377, 204.0
 2378, 189.3
 2379, 249.5
 2380, 194.0
 2381, 134.6
 2382, 152.1
 2383, 245.6
 2384, 175.0
 2385, 209.1
 2386,  86.6
 2387, 215.8
 2388, 217.0
 2389, 138.2
 2390, 190.4
 2391, 107.7
 2392, 207.8
 2393, 132.1
 2394, 198.2
 2395, 146.8
 2396, 212.1
 2397, 211.9
 2398, 181.1
 2399, 152.2
 2400, 141.7
 2401, 225.9
 2402,  77.9
 2403, 297.4
 2404, 213.4
 2405, 117.4
 2406,  84.4
 2407, 115.3
 2408,  82.3
 2409, 244.3
 2410, 118.2
 2411, 276.7
 2412, 112.1
 2413, 218.4
 2414, 160.4
 2415, 172.3
 2416, 252.1
 2417, 249.3
 2418, 259.6
 2419,  96.3
 2420, 168.3
 2421, 260.2
 2422, 186.4
 2423, 280.6
 2424, 228.8
 2425, 182.7
 2426,  95.5
 2427, 171.3
 2428, 145.9
 2429, 255.3
 2430, 114.3
 2431, 221.5
 2432, 134.5
 2433, 124.8
 2434, 129.9
 2435, 171.5
 2436, 159.4
 2437, 171.9
 2438, 110.5
 2439, 259.9
 2440, 219.5
 2441, 208.3
 2442, 284.4
 2443, 286.4
 2444,  79.1
 2445, 234.7
 2446, 286.1
 2447, 285.6
 2448, 254.6
 2449, 136.8
 2450, 164.5
 2451, 278.6
 2452, 246.3
 2453, 129.9
 2454, 106.2
 2455, 229.1
 2456, 129.1
 2457,  68.7
 2458, 212.1
 2459, 233.9
 2460, 227.1
 2461, 147.2
 2462, 135.8
 2463, 177.9
 2464,  99.8
 2465, 250.5
 2466, 185.4
 2467, 138.5
 2468, 306.9
 2469, 154.0
 2470, 215.1
 2471, 141.9
 2472, 227.2
 2473,  76.2
 2474, 244.9
 2475, 223.3
 2476, 301.2
 2477, 266.2
 2478,  82.0
 2479, 229.4
 2480, 127.2
 2481, 101.1
 2482, 238.0
 2483, 190.2
 2484, 236.2
 2485, 267.5
 2486, 227.4
 2487, 147.0
 2488, 252.0
 2489, 268.9
 2490, 199.8
 2491, 234.9
 2492, 167.5
 2493, 155.6
 2494, 145.5
 2495, 175.9
 2496, 176.9
 2497, 152.1
 2498, 252.6
 2499, 246.9
 2500, 211.9
 2501, 164.4
 2502, 259.3
 2503, 292.0
 2504, 186.0
 2505, 139.7
 2506, 102.7
 2507, 154.9
 2508, 158.3
 2509, 105.1
 2510, 226.9
 2511, 166.0
 2512, 207.2
 2513, 137.5
 2514,  91.0
 2515,  79.0
 2516, 265.6
 2517, 234.7
 2518, 229.9
 2519, 147.0
 2520, 180.8
 2521, 149.6
 2522, 144.0
 2523, 141.6
 2524, 311.3
 2525, 111.8
 2526, 221.0
 2527, 224.2
 2528, 156.7
 2529, 229.5
 2530, 310.8
 2531, 130.8
 2532, 158.9
 2533, 169.4
 2534,  89.8
 2535, 190.1
 2536, 273.8
 2537, 189.0
 2538, 219.7
 2539, 253.6
 2540, 251.6
 2541, 133.3
 2542, 210.8
 2543, 292.6
 2544, 194.0
 2545, 288.8
 2546, 210.0
 2547, 144.4
 2548,  43.8
 2549, 145.9
 2550, 179.0
 2551, 100.1
 2552, 126.3
 2553,  90.1
 2554, 217.5
 2555, 146.5
 2556, 141.3
 2557, 152.6
 2558, 312.7
 2559, 245.6
 2560, 205.1
 2561, 260.6
 2562,  89.5
 2563, 251.2
 2564, 151.0
 2565, 185.1
 2566,  98.3
 2567, 165.3
 2568, 128.6
 2569,  94.3
 2570, 171.5
 2571, 232.2
 2572,  86.7
 2573, 175.7
 2574, 165.5
 2575, 214.6
 2576, 222.3
 2577, 125.3
 2578, 173.0
 2579, 204.4
 2580, 141.3
 2581, 138.3
 2582, 142.8
 2583, 203.3
 2584, 148.6
 2585, 255.6
 2586, 171.7
 2587, 164.9
 2588, 102.2
 2589, 113.8
 2590, 197.0
 2591, 101.9
 2592, 175.6
 2593, 229.5
 2594,  71.6
 2595, 141.8
 2596,  91.2
 2597, 177.9
 2598, 213.9
 2599,  80.8
 2600,  86.1
 2601, 182.8
 2602, 171.0
 2603, 191.6
 2604, 252.1
 2605,  68.6
 2606, 258.2
 2607, 104.0
 2608, 127.5
 2609, 313.7
 2610, 229.2
 2611,  62.4
 2612, 174.5
 2613,  55.9
 2614, 307.0
 2615, 249.2
 2616,  95.5
 2617,  77.0
 2618, 178.9
 2619, 226.2
 2620, 123.6
 2621,  63.0
 2622,  64.4
 2623, 171.7
 2624, 254.3
 2625, 164.2
 2626, 153.6
 2627,  83.8
 2628,  91.9
 2629, 112.3
 2630, 135.8
 2631, 262.9
 2632,  84.4
 2633, 315.5
 2634, 189.1
 2635, 107.9
 2636,  56.8
 2637,  82.8
 2638, 197.6
 2639, 121.0
 2640, 146.7
 2641, 149.8
 2642,  38.0
 2643, 188.9
 2644, 255.0
 2645,  46.6
 2646, 170.8
 2647,  69.5
 2648, 101.3
 2649, 155.9
 2650, 136.8
 2651,  83.4
 2652, 230.6
 2653, 293.1
 2654, 154.9
 2655, 147.6
 2656,  89.0
 2657, 211.7
 2658, 162.0
 2659, 137.0
 2660, 194.2
 2661, 139.4
 2662, 173.5
 2663, 201.7
 2664, 212.4
 2665, 188.8
 2666, 299.5
 2667, 173.3
 2668, 202.5
 2669, 195.9
 2670, 214.5
 2671,  77.1
 2672, 274.5
 2673, 287.4
 2674, 196.7
 2675, 119.5
 2676, 241.8
 2677, 240.5
 2678, 228.5
 2679, 189.7
 2680, 247.6
 2681,  73.2
 2682, 192.5
 2683, 305.1
 2684,  94.2
 2685, 106.6
 2686, 255.5
 2687,  81.6
 2688, 245.2
 2689,  75.2
 2690, 116.0
 2691, 123.6
 2692, 270.0
 2693, 100.3
 2694, 202.2
 2695, 182.2
 2696, 212.3
 2697, 124.5
 2698, 181.8
 2699, 139.9
 2700, 191.5
 2701,  82.6
 2702, 198.2
 2703,  69.8
 2704, 244.8
 2705, 213.6
 2706, 203.5
 2707, 260.2
 2708, 177.3
 2709, 176.2
 2710, 146.9
 2711, 188.1
 2712, 133.4
 2713, 268.1
 2714,  81.6
 2715, 146.9
 2716,  85.3
 2717, 117.6
 2718, 132.5
 2719,  89.2
 2720, 114.9
 2721, 237.5
 2722, 279.4
 2723,  68.8
 2724, 219.2
 2725, 263.7
 2726, 235.5
 2727,  90.4
 2728, 267.3
 2729, 214.7
 2730, 208.6
 2731, 253.8
 2732, 207.6
 2733, 142.8
 2734, 102.6
 2735, 281.2
 2736, 200.2
 2737,  87.7
 2738, 180.1
 2739, 119.7
 2740, 288.0
 2741, 236.6
 2742, 196.0
 2743, 122.2
 2744,  73.0
 2745, 189.2
 2746, 227.0
 2747, 228.1
 2748, 151.3
 2749, 232.0
 2750, 135.7
 2751, 141.6
 2752, 196.7
 2753, 291.1
 2754, 170.2
 2755, 304.0
 2756, 213.3
 2757, 301.2
 2758, 314.4
 2759, 269.4
 2760, 256.3
 2761, 259.5
 2762, 234.2
 2763, 212.8
 2764, 134.8
 2765, 148.5
 2766, 137.4
 2767, 179.1
 2768,  60.5
 2769, 129.2
 2770, 243.6
 2771, 156.2
 2772, 198.9
 2773, 249.6
 2774, 175.3
 2775, 264.8
 2776, 256.2
 2777, 302.8
 2778, 228.0
 2779, 235.2
 2780, 237.8
 2781, 328.0
 2782, 154.8
 2783, 233.4
 2784, 154.5
 2785,  91.6
 2786, 213.8
 2787, 133.1
 2788, 168.6
 2789, 225.0
 2790, 292.4
 2791, 252.0
 2792, 115.2
 2793, 246.1
 2794, 195.7
 2795, 169.2
 2796, 293.8
 2797, 249.1
 2798, 162.1
 2799, 124.2
 2800, 302.6
 2801, 282.6
 2802, 268.7
 2803, 225.0
 2804,  95.2
 2805, 155.3
 2806,  87.1
 2807, 227.7
 2808, 281.8
 2809, 334.1
 2810, 136.4
 2811, 253.4
 2812, 210.5
 2813, 257.3
 2814, 319.8
 2815, 158.0
 2816, 248.6
 2817, 158.7
 2818, 230.2
 2819, 298.8
 2820, 278.2
 2821, 172.8
 2822, 226.1
 2823, 293.1
 2824,  98.0
 2825,  97.7
 2826, 127.9
 2827, 171.0
 2828, 225.7
 2829, 190.5
 2830, 258.4
 2831, 180.7
 2832, 224.1
 2833, 342.6
 2834, 177.0
 2835, 189.6
 2836, 212.8
 2837, 183.6
 2838, 247.4
 2839, 240.4
 2840, 104.6
 2841, 144.8
 2842, 239.6
 2843, 178.6
 2844, 241.1
 2845, 134.2
 2846,  86.6
 2847, 108.4
 2848, 101.4
 2849, 278.9
 2850, 221.7
 2851, 175.1
 2852, 186.8
 2853, 210.7
 2854, 134.7
 2855, 213.0
 2856, 170.2
 2857, 320.0
 2858, 191.1
 2859, 204.7
 2860, 317.0
 2861, 187.9
 2862, 115.1
 2863, 213.8
 2864, 185.1
 2865, 188.2
 2866, 308.1
 2867, 131.0
 2868, 224.5
 2869, 112.8
 2870, 209.0
 2871, 104.2
 2872, 182.4
 2873, 134.0
 2874, 244.9
 2875, 245.3
 2876, 213.1
 2877,  79.8
 2878, 203.8
 2879, 317.1
 2880, 243.5
 2881, 217.0
 2882, 213.3
 2883, 240.6
 2884, 199.9
 2885, 187.5
 2886, 222.0
 2887, 169.6
 2888, 127.3
 2889, 222.8
 2890, 168.1
 2891, 326.1
 2892, 234.7
 2893, 141.4
 2894,  57.8
 2895, 218.7
 2896, 216.3
 2897, 206.0
 2898, 206.2
 2899, 206.7
 2900, 300.2
 2901, 223.8
 2902, 129.0
 2903, 215.0
 2904, 128.9
 2905, 143.6
 2906, 286.8
 2907, 132.9
 2908, 187.6
 2909, 200.3
 2910, 206.0
 2911, 170.2
 2912, 202.1
 2913,  91.7
 2914, 103.8
 2915, 173.1
 2916, 144.7
 2917, 222.2
 2918,  52.5
 2919, 288.7
 2920, 151.0
 2921, 110.3
 2922, 117.2
 2923, 183.9
 2924,  81.5
 2925, 263.0
 2926,  60.8
 2927, 170.3
 2928, 170.0
 2929, 157.8
 2930, 270.3
 2931, 343.5
 2932, 243.4
 2933, 147.1
 2934, 246.4
 2935, 132.2
 2936,  96.2
 2937,  85.6
 2938, 346.2
 2939, 154.9
 2940, 316.4
 2941, 200.9
 2942, 326.0
 2943, 224.7
 2944, 102.0
 2945, 173.2
 2946, 315.4
 2947, 245.1
 2948, 249.1
 2949,  76.3
 2950, 269.0
 2951, 166.3
 2952, 230.7
 2953, 259.1
 2954, 242.5
 2955, 116.9
 2956, 193.1
 2957, 173.9
 2958, 116.7
 2959, 118.7
 2960, 186.6
 2961, 126.2
 2962, 205.3
 2963, 192.2
 2964, 138.7
 2965, 147.8
 2966, 224.3
 2967, 236.7
 2968, 216.7
 2969, 201.5
 2970, 157.4
 2971,  80.4
 2972, 201.6
 2973, 283.9
 2974, 110.9
 2975, 252.1
 2976, 226.4
 2977, 197.4
 2978, 172.8
 2979, 291.0
 2980, 145.6
 2981, 174.9
 2982, 148.8
 2983, 260.6
 2984, 123.0
 2985, 206.8
 2986, 288.0
 2987, 175.0
 2988, 178.0
 2989, 248.6
 2990, 150.4
 2991, 149.3
 2992, 143.8
 2993, 267.5
 2994, 164.2
 2995, 151.5
 2996, 208.3
 2997, 157.0
 2998, 203.0
 2999, 208.4
 3000, 127.0
 3001, 255.1
 3002, 211.5
 3003, 305.0
 3004, 179.6
 3005, 206.4
 3006, 262.4
 3007, 231.1
 3008, 262.4
 3009, 213.8
 3010, 201.2
 3011, 283.9
 3012, 163.5
 3013, 133.3
 3014, 272.8
 3015, 219.6
 3016, 231.0
 3017, 221.2
 3018, 219.8
 3019, 177.5
 3020,  84.9
 3021, 188.4
 3022, 162.3
 3023, 287.6
 3024, 200.2
 3025,  83.1
 3026, 157.2
 3027, 299.6
 3028, 191.4
 3029, 184.1
 3030, 234.7
 3031, 181.4
 3032, 160.6
 3033, 204.2
 3034, 214.7
 3035, 164.4
 3036, 162.1
 3037, 145.8
 3038, 193.3
 3039, 195.8
 3040, 247.5
 3041, 262.1
 3042, 232.9
 3043, 276.5
 3044, 226.9
 3045, 270.3
 3046, 236.7
 3047, 125.1
 3048, 204.7
 3049, 298.5
 3050, 309.9
 3051, 223.7
 3052, 162.2
 3053, 133.8
 3054,  91.8
 3055, 266.7
 3056, 177.6
 3057, 217.0
 3058, 191.4
 3059,  85.0
 3060, 227.6
 3061, 136.8
 3062, 270.0
 3063, 110.0
 3064, 178.2
 3065, 196.9
 3066, 187.8
 3067, 272.5
 3068, 256.0
 3069, 264.7
 3070, 234.1
 3071, 225.3
 3072, 222.7
 3073, 138.3
 3074, 162.4
 3075, 232.4
 3076, 148.4
 3077, 268.5
 3078, 293.6
 3079, 191.2
 3080, 295.8
 3081, 190.3
 3082, 105.7
 3083, 101.1
 3084, 251.2
 3085, 196.4
 3086, 291.2
 3087, 151.5
 3088, 237.1
 3089,  88.1
 3090, 144.4
 3091, 210.9
 3092, 220.7
 3093, 142.3
 3094, 207.0
 3095, 214.3
 3096, 117.5
 3097, 122.0
 3098,  90.4
 3099, 240.4
 3100,  52.3
 3101, 309.3
 3102,  92.2
 3103, 206.9
 3104, 145.1
 3105, 174.5
 3106,  68.9
 3107,  79.5
 3108, 107.0
 3109, 265.5
 3110, 228.6
 3111, 201.7
 3112, 258.0
 3113,  86.5
 3114, 202.5
 3115, 248.1
 3116, 251.0
 3117, 291.0
 3118, 271.8
 3119, 184.7
 3120, 156.9
 3121, 201.6
 3122, 147.0
 3123,  91.8
 3124, 232.8
 3125, 257.6
 3126, 186.0
 3127, 191.9
 3128, 187.0
 3129, 163.4
 3130, 145.9
 3131, 132.6
 3132, 111.0
 3133,  70.9
 3134, 216.5
 3135, 219.4
 3136, 106.7
 3137, 207.7
 3138, 243.3
 3139, 212.8
 3140, 128.9
 3141, 179.3
 3142,  89.8
 3143, 257.0
 3144, 179.8
 3145,  62.8
 3146, 150.9
 3147, 122.6
 3148, 246.0
 3149, 308.3
 3150, 160.3
 3151, 138.2
 3152, 271.9
 3153, 230.2
 3154, 175.8
 3155, 329.0
 3156, 211.2
 3157,  92.1
 3158, 163.2
 3159, 168.4
 3160, 175.1
 3161, 248.6
 3162, 272.7
 3163, 230.6
 3164, 213.1
 3165, 201.3
 3166, 151.6
 3167, 148.4
 3168, 265.5
 3169,  84.7
 3170,  94.4
 3171, 199.1
 3172, 101.1
 3173, 163.8
 3174, 286.5
 3175,  61.5
 3176,  72.5
 3177, 330.1
 3178, 123.1
 3179, 145.3
 3180, 146.6
 3181,  37.9
 3182, 163.6
 3183, 131.5
 3184, 129.6
 3185, 297.1
 3186, 175.8
 3187, 215.3
 3188, 135.7
 3189, 267.6
 3190, 143.7
 3191, 244.8
 3192, 217.5
 3193, 178.7
 3194, 286.3
 3195, 189.4
 3196, 162.4
 3197, 274.3
 3198, 180.2
 3199, 282.0
 3200, 214.4
 3201,  86.6
 3202, 121.5
 3203, 154.0
 3204, 118.6
 3205,  94.8
 3206, 323.1
 3207, 228.0
 3208, 100.1
 3209,  57.0
 3210, 110.0
 3211,  91.0
 3212, 231.8
 3213, 208.6
 3214, 207.8
 3215,  66.4
 3216, 202.7
 3217, 177.5
 3218, 252.5
 3219, 119.4
 3220, 249.3
 3221, 168.9
 3222, 324.2
 3223, 138.6
 3224, 220.2
 3225, 138.1
 3226, 194.6
 3227, 131.5
 3228, 138.4
 3229, 218.4
 3230, 233.2
 3231, 317.6
 3232, 107.3
 3233,  74.5
 3234, 244.0
 3235, 228.9
 3236, 241.4
 3237, 144.2
 3238, 113.9
 3239, 270.5
 3240, 179.2
 3241, 169.2
 3242, 254.7
 3243,  92.3
 3244, 102.6
 3245, 277.2
 3246,  35.4
 3247, 152.0
 3248, 115.1
 3249, 145.1
 3250, 115.3
 3251,  60.3
 3252, 196.6
 3253,  93.5
 3254,  99.9
 3255, 133.4
 3256, 129.3
 3257, 278.4
 3258, 150.3
 3259,  67.6
 3260, 116.4
 3261, 151.4
 3262, 169.7
 3263, 241.6
 3264, 169.8
 3265, 266.9
 3266, 223.5
 3267, 296.6
 3268, 307.4
 3269, 145.1
 3270,  53.9
 3271, 202.8
 3272, 268.9
 3273, 101.0
 3274, 179.6
 3275, 138.7
 3276, 265.2
 3277, 184.7
 3278, 252.6
 3279, 103.4
 3280, 133.1
 3281, 118.0
 3282, 154.5
 3283, 214.3
 3284,  94.0
 3285, 264.7
 3286, 201.3
 3287, 118.4
 3288, 135.1
 3289, 257.2
 3290, 175.9
 3291, 189.3
 3292, 190.8
 3293, 300.0
 3294, 187.8
 3295, 175.2
 3296, 240.2
 3297, 160.4
 3298, 123.1
 3299, 103.3
 3300, 176.9
 3301, 217.2
 3302, 223.5
 3303, 298.6
 3304,  94.1
 3305, 137.5
 3306, 223.0
 3307, 280.1
 3308, 102.8
 3309, 342.5
 3310, 163.1
 3311, 192.9
 3312, 307.2
 3313, 246.1
 3314, 242.1
 3315, 116.6
 3316, 159.9
 3317,  63.8
 3318, 134.5
 3319, 268.6
 3320, 216.1
 3321,  92.5
 3322,  56.7
 3323, 245.8
 3324, 183.1
 3325, 192.1
 3326, 269.7
 3327, 283.9
 3328, 174.5
 3329, 118.7
 3330, 148.6
 3331, 128.6
 3332, 195.6
 3333, 184.6
 3334, 155.8
 3335, 130.6
 3336, 159.6
 3337, 186.1
 3338, 134.0
 3339, 246.3
 3340, 101.4
 3341, 131.7
 3342, 288.7
 3343, 215.7
 3344, 296.1
 3345, 251.9
 3346, 104.7
 3347, 136.4
 3348, 151.2
 3349, 291.9
 3350, 155.0
 3351, 151.5
 3352, 222.8
 3353, 207.4
 3354, 291.4
 3355, 292.7
 3356, 109.4
 3357, 178.1
 3358, 228.0
 3359, 120.0
 3360, 192.8
 3361, 251.7
 3362, 264.7
 3363, 207.1
 3364, 212.8
 3365, 169.3
 3366, 213.5
 3367, 243.9
 3368, 241.6
 3369, 238.8
 3370, 281.8
 3371, 258.5
 3372, 178.8
 3373, 127.0
 3374, 241.9
 3375, 240.4
 3376, 108.6
 3377, 260.8
 3378, 291.4
 3379, 191.2
 3380, 101.0
 3381,  84.0
 3382, 143.8
 3383, 130.8
 3384, 113.9
 3385, 130.6
 3386, 123.4
 3387, 109.1
 3388,  49.8
 3389, 260.9
 3390, 101.1
 3391, 145.9
 3392, 196.0
 3393, 194.1
 3394, 146.9
 3395, 224.1
 3396, 169.7
 3397, 201.9
 3398, 259.7
 3399, 236.6
 3400, 271.1
 3401, 134.7
 3402, 309.7
 3403, 225.9
 3404, 217.4
 3405,  68.9
 3406, 169.2
 3407, 128.1
 3408, 177.2
 3409, 208.3
 3410,  87.6
 3411, 166.8
 3412, 238.5
 3413, 177.8
 3414, 277.5
 3415, 304.0
 3416, 263.0
 3417, 311.8
 3418, 126.1
 3419, 283.9
 3420,  57.2
 3421, 255.1
 3422, 153.3
 3423, 220.2
 3424, 304.2
 3425, 147.9
 3426, 143.5
 3427, 149.5
 3428, 157.6
 3429, 172.8
 3430,  92.5
 3431, 272.2
 3432, 143.5
 3433,  98.0
 3434, 244.8
 3435, 185.6
 3436, 288.0
 3437,  95.7
 3438, 268.9
 3439, 162.4
 3440, 182.8
 3441, 176.1
 3442, 263.2
 3443, 188.8
 3444, 225.5
 3445,  54.1
 3446, 223.0
 3447, 146.2
 3448, 247.0
 3449, 215.9
 3450,  92.1
 3451, 319.5
 3452, 307.9
 3453, 210.5
 3454, 193.4
 3455, 187.5
 3456, 298.1
 3457, 280.3
 3458, 239.1
 3459, 148.6
 3460, 196.4
 3461, 207.7
 3462, 131.4
 3463, 145.0
 3464, 230.5
 3465, 321.9
 3466, 213.0
 3467, 315.2
 3468, 197.6
 3469, 131.7
 3470, 174.8
 3471, 167.6
 3472,  54.7
 3473, 177.3
 3474, 233.6
 3475,  90.3
 3476, 195.5
 3477, 256.3
 3478, 126.4
 3479, 224.7
 3480, 257.2
 3481, 230.8
 3482, 200.9
 3483, 246.5
 3484, 303.0
 3485, 172.3
 3486, 204.3
 3487, 161.0
 3488, 201.4
 3489, 212.1
 3490, 221.5
 3491, 205.9
 3492, 109.4
 3493, 325.6
 3494, 278.5
 3495, 283.8
 3496, 224.4
 3497, 225.7
 3498, 191.9
 3499, 235.1
 3500, 205.3
 3501, 254.9
 3502, 265.3
 3503, 286.9
 3504, 161.0
 3505, 164.8
 3506, 253.9
 3507, 238.1
 3508, 296.2
 3509, 161.6
 3510, 195.6
 3511, 177.2
 3512, 260.4
 3513, 247.4
 3514, 308.8
 3515, 170.2
 3516, 169.1
 3517, 244.8
 3518, 205.3
 3519,  55.6
 3520, 185.7
 3521,  78.2
 3522, 121.8
 3523, 158.0
 3524, 196.0
 3525, 108.6
 3526, 208.6
 3527, 253.2
 3528, 150.9
 3529, 282.4
 3530, 147.4
 3531, 260.3
 3532, 136.2
 3533, 248.7
 3534, 168.3
 3535, 308.7
 3536, 258.1
 3537, 179.4
 3538, 274.3
 3539, 179.7
 3540, 145.8
 3541, 149.1
 3542, 254.8
 3543, 106.4
 3544, 207.6
 3545, 243.6
 3546, 125.1
 3547, 260.4
 3548, 224.3
 3549, 179.2
 3550, 146.5
 3551, 154.3
 3552, 261.6
 3553, 204.6
 3554, 157.7
 3555, 227.9
 3556, 206.7
 3557, 127.7
 3558, 214.1
 3559, 174.2
 3560, 125.1
 3561, 311.5
 3562, 231.9
 3563, 166.8
 3564, 268.3
 3565, 214.5
 3566, 212.6
 3567, 188.7
 3568, 213.7
 3569, 170.5
 3570,  85.7
 3571, 189.7
 3572, 211.2
 3573, 152.3
 3574, 189.2
 3575, 220.5
 3576, 306.7
 3577, 254.4
 3578, 219.5
 3579, 185.9
 3580, 208.3
 3581, 150.6
 3582, 172.2
 3583, 269.3
 3584, 244.5
 3585, 149.3
 3586,  54.6
 3587, 268.7
 3588, 311.0
 3589, 137.1
 3590, 191.8
 3591, 101.0
 3592,  76.9
 3593, 281.6
 3594, 225.5
 3595, 242.9
 3596, 317.3
 3597, 295.2
 3598, 136.2
 3599, 254.1
 3600, 311.5
 3601, 143.2
 3602, 173.0
 3603, 274.9
 3604, 183.5
 3605, 279.8
 3606, 129.1
 3607, 224.0
 3608, 256.7
 3609, 253.0
 3610, 206.5
 3611, 212.9
 3612,  95.2
 3613, 229.0
 3614, 230.4
 3615, 278.2
 3616, 133.3
 3617, 113.8
 3618, 238.7
 3619, 199.2
 3620, 185.1
 3621,  88.3
 3622, 115.4
 3623, 173.0
 3624, 199.5
 3625, 105.4
 3626, 221.0
 3627, 275.1
 3628, 130.2
 3629, 162.8
 3630, 158.3
 3631, 182.7
 3632, 151.6
 3633, 181.4
 3634, 131.0
 3635, 245.3
 3636, 194.5
 3637, 268.7
 3638,  44.7
 3639, 130.4
 3640, 249.1
 3641, 123.5
 3642, 317.6
 3643, 193.9
 3644, 124.8
 3645, 167.2
 3646, 237.4
 3647, 269.2
 3648, 155.5
 3649, 280.7
 3650, 156.1
 3651, 168.3
 3652,  32.2
 3653, 115.0
 3654, 200.4
 3655, 201.2
 3656,  25.9
 3657, 226.5
 3658, 139.6
 3659, 155.0
 3660, 218.2
 3661,  83.4
 3662, 205.0
 3663,  86.8
 3664, 200.5
 3665, 317.2
 3666, 291.2
 3667, 284.7
 3668, 271.0
 3669,  80.5
 3670, 242.1
 3671, 167.9
 3672, 270.1
 3673, 242.2
 3674,  50.3
 3675, 292.9
 3676, 184.1
 3677, 208.7
 3678,  65.4
 3679, 141.3
 3680, 159.7
 3681, 200.2
 3682, 226.3
 3683, 233.0
 3684, 161.8
 3685, 180.0
 3686, 111.1
 3687, 248.1
 3688,  79.8
 3689, 127.3
 3690, 199.7
 3691, 200.4
 3692, 230.2
 3693, 218.0
 3694, 257.1
 3695, 288.9
 3696, 138.3
 3697, 213.5
 3698, 287.9
 3699, 225.1
 3700, 201.5
 3701, 152.7
 3702, 127.8
 3703,  99.1
 3704, 259.6
 3705, 142.2
 3706, 205.6
 3707, 217.1
 3708, 176.7
 3709, 204.5
 3710, 253.1
 3711, 109.6
 3712, 176.1
 3713, 284.9
 3714, 310.4
 3715, 131.5
 3716, 236.9
 3717, 130.1
 3718, 251.7
 3719, 215.1
 3720, 162.5
 3721, 105.3
 3722, 159.1
 3723, 131.5
 3724, 167.6
 3725, 215.4
 3726, 226.5
 3727, 195.1
 3728, 252.8
 3729, 314.3
 3730, 166.3
 3731, 196.4
 3732, 216.0
 3733, 205.2
 3734, 196.3
 3735, 218.3
 3736, 274.9
 3737, 305.2
 3738, 253.9
 3739, 221.3
 3740, 242.2
 3741, 248.1
 3742, 229.6
 3743, 175.1
 3744, 229.0
 3745, 120.1
 3746, 173.2
 3747, 137.9
 3748, 189.2
 3749, 184.9
 3750, 162.7
 3751, 266.8
 3752, 131.2
 3753, 211.4
 3754, 219.9
 3755, 234.3
 3756, 110.0
 3757, 164.3
 3758, 319.1
 3759, 184.2
 3760, 160.8
 3761, 100.7
 3762, 191.0
 3763, 172.6
 3764, 202.4
 3765, 164.7
 3766, 182.3
 3767, 250.3
 3768, 122.3
 3769, 189.1
 3770, 269.6
 3771, 154.9
 3772,  72.9
 3773,  62.3
 3774, 210.8
 3775, 335.7
 3776, 269.1
 3777, 262.6
 3778, 276.4
 3779, 224.1
 3780, 245.4
 3781, 109.9
 3782, 186.1
 3783, 337.7
 3784, 237.3
 3785, 248.8
 3786, 229.0
 3787, 263.9
 3788, 169.6
 3789, 232.1
 3790, 116.2
 3791,  98.9
 3792, 103.0
 3793, 196.8
 3794, 163.4
 3795, 140.9
 3796,  45.8
 3797, 264.8
 3798, 204.5
 3799, 213.1
 3800, 151.7
 3801, 289.0
 3802, 115.4
 3803, 121.9
 3804,  45.7
 3805, 310.0
 3806, 156.2
 3807, 248.6
 3808, 234.6
 3809, 240.5
 3810, 190.7
 3811, 120.2
 3812, 243.6
 3813, 295.3
 3814,  53.4
 3815, 103.3
 3816, 244.3
 3817, 106.6
 3818, 135.0
 3819,  58.0
 3820, 253.8
 3821, 221.8
 3822, 181.5
 3823, 135.9
 3824, 195.6
 3825, 169.2
 3826, 122.5
 3827, 211.3
 3828, 185.4
 3829, 215.4
 3830, 161.9
 3831, 208.6
 3832, 203.4
 3833, 143.0
 3834, 107.1
 3835, 252.2
 3836, 256.8
 3837, 228.9
 3838, 103.9
 3839, 157.9
 3840, 229.0
 3841, 136.9
 3842, 238.5
 3843, 285.3
 3844, 209.5
 3845, 154.9
 3846, 272.2
 3847,  48.7
 3848,  86.1
 3849, 170.8
 3850, 258.4
 3851,  77.5
 3852, 312.8
 3853, 254.3
 3854,  75.5
 3855, 173.4
 3856, 253.5
 3857, 211.2
 3858, 133.0
 3859,  59.9
 3860,  93.3
 3861, 170.5
 3862, 145.8
 3863, 282.0
 3864, 195.7
 3865, 150.8
 3866, 206.0
 3867, 214.9
 3868, 201.5
 3869, 179.2
 3870, 310.4
 3871, 226.5
 3872, 200.4
 3873, 285.1
 3874, 217.5
 3875, 191.6
 3876, 197.1
 3877, 161.0
 3878, 104.7
 3879, 203.0
 3880, 124.2
 3881, 171.7
 3882, 297.6
 3883, 210.1
 3884, 176.9
 3885, 213.4
 3886, 106.9
 3887, 171.4
 3888, 303.1
 3889, 265.2
 3890, 231.8
 3891, 265.7
 3892, 164.6
 3893,  66.1
 3894, 113.9
 3895, 210.1
 3896,  74.0
 3897, 196.9
 3898, 187.0
 3899, 316.6
 3900,  61.4
 3901, 108.5
 3902, 179.7
 3903, 117.5
 3904, 189.1
 3905, 180.2
 3906, 228.9
 3907, 270.7
 3908, 226.5
 3909, 101.8
 3910, 132.8
 3911, 154.0
 3912, 223.7
 3913, 183.1
 3914,  35.7
 3915, 237.1
 3916, 101.8
 3917,  85.5
 3918, 220.9
 3919, 247.6
 3920, 147.8
 3921, 206.5
 3922, 152.3
 3923, 154.9
 3924, 146.7
 3925, 141.1
 3926,  47.6
 3927, 256.1
 3928, 227.2
 3929, 150.5
 3930, 223.2
 3931, 214.8
 3932,  60.4
 3933, 227.6
 3934, 281.2
 3935, 299.4
 3936, 135.2
 3937, 144.4
 3938, 166.0
 3939, 256.7
 3940, 145.4
 3941, 142.4
 3942, 324.4
 3943, 262.9
 3944,  85.6
 3945, 207.7
 3946, 168.2
 3947, 197.0
 3948, 106.2
 3949, 145.0
 3950,  97.7
 3951, 184.2
 3952,  39.8
 3953, 240.5
 3954, 183.0
 3955,  97.2
 3956, 105.1
 3957,  82.1
 3958, 189.3
 3959,  43.9
 3960, 271.4
 3961,  84.7
 3962, 219.6
 3963, 233.5
 3964, 250.6
 3965,  80.2
 3966, 145.6
 3967, 292.3
 3968, 172.3
 3969, 144.4
 3970, 223.6
 3971, 182.4
 3972, 218.7
 3973, 239.7
 3974, 213.8
 3975, 150.4
 3976, 129.7
 3977, 287.8
 3978,  78.5
 3979, 147.7
 3980, 135.1
 3981, 213.5
 3982, 201.7
 3983, 123.4
 3984,  98.3
 3985, 191.8
 3986, 290.2
 3987,  43.6
 3988, 107.1
 3989, 235.1
 3990,  98.2
 3991, 112.1
 3992, 211.0
 3993, 241.5
 3994, 148.3
 3995,  98.6
 3996, 194.8
 3997, 229.1
 3998, 185.0
 3999, 160.5
